CREATE TABLE USER1(
USER_ID VARCHAR2(4) PRIMARY KEY,
USER_FNAME VARCHAR(15) NOT NULL,
USER_LNAME VARCHAR(15) NOT NULL,
USER_EMAIL VARCHAR(40) NOT NULL,
USER_DOB DATE NOT NULL); 

INSERT INTO USER1 VALUES
('U1','Jackie','Jones','jack_killer@gmail.com',TO_DATE('28-02-1983','dd-MM-yyyy'));

INSERT INTO USER1 VALUES
('U2','Jessie','Jackson','Hello_macy@yahoo.com',TO_DATE('04-03-1986','dd-MM-yyyy'));

INSERT INTO USER1 VALUES
('U3','Tommy','Trojan','john_black@hotmail.com',TO_DATE('22-04-1990','dd-MM-yyyy'));

INSERT INTO USER1 VALUES
('U4','Niki','Nanjan','ny_robert@usc.edu',TO_DATE('10-06-1980','dd-MM-yyyy'));

INSERT INTO USER1 VALUES
('U5','Jalli','Shadan','cool_andrew@bbc.co.uk',TO_DATE('27-11-1984','dd-MM-yyyy'));

INSERT INTO USER1 VALUES
('U6','Houtan','Khandan','coryphillip@voa.gov',TO_DATE('06-06-1966','dd-MM-yyyy'));

INSERT INTO USER1 VALUES
('U7','Naz','Nazi','DaneilJ@msnbc.com',TO_DATE('20-04-2000','dd-MM-yyyy'));

INSERT INTO USER1 VALUES
('U8','Ab','Bazi','rohanau@cs.mit.edu',TO_DATE('12-12-1956','dd-MM-yyyy'));

INSERT INTO USER1 VALUES
('U9','Ben','Ghazi','edmorales@houti.com',TO_DATE('10-11-1973','dd-MM-yyyy'));

INSERT INTO USER1 VALUES
('U10','Carlos','Santana','danamoon@louti.com',TO_DATE('07-07-1977','dd-MM-yyyy'));

INSERT INTO USER1 VALUES
('U11','Roberto','Carlos','owner1@villa.com',TO_DATE('05-05-1955','dd-MM-yyyy'));

INSERT INTO USER1 VALUES
('U12','De','Vilardo','owner2@villa.com',TO_DATE('04-04-1944','dd-MM-yyyy'));

INSERT INTO USER1 VALUES
('U13','villa','Blanka','owner3@villa.com',TO_DATE('11-11-1974','dd-MM-yyyy'));

INSERT INTO USER1 VALUES
('U14','nino','bino','ceo@villa.com',TO_DATE('01-01-1991','dd-MM-yyyy'));

INSERT INTO USER1 VALUES
('U15','Bookish','Morinio','manager2@villa.com',TO_DATE('17-04-1950','dd-MM-yyyy'));


CREATE TABLE OWNER(
OWNER_ID VARCHAR2(4) PRIMARY KEY,
OWNER_CELLNO CHAR(12),
OWNER_MANAGER VARCHAR2(4),
CONSTRAINT FK_OWNER FOREIGN KEY (OWNER_ID) REFERENCES USER1(USER_ID)
);


INSERT INTO OWNER VALUES
('U11','111-111-1111','U15');

INSERT INTO OWNER VALUES
('U12','222-222-2222','U15');

INSERT INTO OWNER VALUES
('U13','333-333-3333','U15');

INSERT INTO OWNER VALUES
('U14','444-444-4444','');

CREATE TABLE MANAGER(
MANAGER_ID VARCHAR2(4) PRIMARY KEY,
MANAGED_BY VARCHAR2(4),
CONSTRAINT FK_MANAGER FOREIGN KEY(MANAGER_ID) REFERENCES USER1(USER_ID));

INSERT INTO MANAGER(MANAGER_ID) VALUES
('U14');

INSERT INTO MANAGER VALUES
('U15','U14');

CREATE TABLE VILLA(
VILLA_ID VARCHAR2(6) PRIMARY KEY,
VILLA_NAME VARCHAR2(15) NOT NULL,
OWNER_ID  VARCHAR2(4),
CONSTRAINT FK_VILLA FOREIGN KEY(OWNER_ID) REFERENCES OWNER(OWNER_ID));

INSERT INTO VILLA VALUES
('Vil1','Fifi','U11');

INSERT INTO VILLA VALUES
('Vil2','Lulu','U12');

INSERT INTO VILLA VALUES
('Vil3','Penny','U13');

INSERT INTO VILLA VALUES
('Vil4','Kiki','U11');

INSERT INTO VILLA VALUES
('Vil5','Vivi','U11');

INSERT INTO VILLA VALUES
('Vil6','Gigi','U11');

INSERT INTO VILLA VALUES
('Vil7','Kitty','U12');

INSERT INTO VILLA VALUES
('Vil8','Ellie','U13');

INSERT INTO VILLA VALUES
('Vil9','Ali','U14');

INSERT INTO VILLA VALUES
('Vil10','Kelley','U12');

INSERT INTO VILLA VALUES
('Vil11','Dori','U12');

INSERT INTO VILLA VALUES
('Vil12','Houti','U13');


CREATE TABLE FEATURE(
FEATURE_ID VARCHAR2(5) PRIMARY KEY,
FEATURE_NAME VARCHAR(20) NOT NULL
);

INSERT INTO FEATURE VALUES(
'Fea1' ,'swimming pool');

INSERT INTO FEATURE VALUES(
'Fea2' ,'Jacuzzi');

INSERT INTO FEATURE VALUES(
'Fea3' ,'billiard table');

INSERT INTO FEATURE VALUES(
'Fea4' ,'Xbox 360');

INSERT INTO FEATURE VALUES(
'Fea5' ,'board games');

INSERT INTO FEATURE VALUES(
'Fea6' ,'pets allowed');

CREATE TABLE CATALOG1(
VILLA_ID VARCHAR2(6),
FEATURE_ID VARCHAR2(5),
CONSTRAINT PK_CATALOG PRIMARY KEY (VILLA_ID,FEATURE_ID),
CONSTRAINT FK1_CATALOG FOREIGN KEY(VILLA_ID) REFERENCES VILLA(VILLA_ID),
CONSTRAINT FK2_CATALOG FOREIGN KEY(FEATURE_ID) REFERENCES FEATURE(FEATURE_ID)
);

INSERT INTO CATALOG1 VALUES(
'Vil1','Fea1');

INSERT INTO CATALOG1 VALUES(
'Vil1','Fea2');

INSERT INTO CATALOG1 VALUES(
'Vil2','Fea1');

INSERT INTO CATALOG1 VALUES(
'Vil3','Fea1');                             

INSERT INTO CATALOG1 VALUES(
'Vil3','Fea4');

INSERT INTO CATALOG1 VALUES(
'Vil3','Fea5');

INSERT INTO CATALOG1 VALUES(
'Vil4','Fea2');

INSERT INTO CATALOG1 VALUES(
'Vil5','Fea4');

INSERT INTO CATALOG1 VALUES(
'Vil6','Fea6');

INSERT INTO CATALOG1 VALUES(
'Vil7','Fea3');

INSERT INTO CATALOG1 VALUES(
'Vil7','Fea4');

INSERT INTO CATALOG1 VALUES(
'Vil7','Fea5');

INSERT INTO CATALOG1 VALUES(
'Vil7','Fea6');

INSERT INTO CATALOG1 VALUES(
'Vil8','Fea6');

INSERT INTO CATALOG1 VALUES(
'Vil9','Fea5');

INSERT INTO CATALOG1 VALUES(
'Vil10','Fea5');

INSERT INTO CATALOG1 VALUES(
'Vil11','Fea2');

INSERT INTO CATALOG1 VALUES(
'Vil12','Fea2');

CREATE TABLE CHOICE(
USER_ID VARCHAR2(4),
VILLA_ID VARCHAR2(6),
CONSTRAINT PK_CHOICE PRIMARY KEY(USER_ID,VILLA_ID), 
CONSTRAINT FK1_CHOICE FOREIGN KEY(USER_ID) REFERENCES USER1(USER_ID),
CONSTRAINT FK2_CHOICE FOREIGN KEY(VILLA_ID) REFERENCES VILLA(VILLA_ID)
);
 
INSERT INTO CHOICE VALUES(
'U1','Vil2');

INSERT INTO CHOICE VALUES(
'U1','Vil4');

INSERT INTO CHOICE VALUES(
'U2','Vil8');

INSERT INTO CHOICE VALUES(
'U3','Vil3');

INSERT INTO CHOICE VALUES(
'U3','Vil7');

INSERT INTO CHOICE VALUES(
'U3','Vil10');

INSERT INTO CHOICE VALUES(
'U4','Vil4');

INSERT INTO CHOICE VALUES(
'U4','Vil10');

INSERT INTO CHOICE VALUES(
'U5','Vil1');

INSERT INTO CHOICE VALUES(
'U6','Vil3');

INSERT INTO CHOICE VALUES(
'U7','Vil2');

INSERT INTO CHOICE VALUES(
'U7','Vil4');

INSERT INTO CHOICE VALUES(
'U7','Vil12');

INSERT INTO CHOICE VALUES(
'U8','Vil1');

INSERT INTO CHOICE VALUES(
'U8','Vil9');

INSERT INTO CHOICE VALUES(
'U9','Vil6');

INSERT INTO CHOICE VALUES(
'U10','Vil11');

INSERT INTO CHOICE VALUES(
'U10','Vil12');

INSERT INTO CHOICE VALUES(
'U13','Vil1');

INSERT INTO CHOICE VALUES(
'U14','Vil2');

CREATE TABLE COUPON(
COUPON_ID VARCHAR2(6) PRIMARY KEY,
VILLA_ID VARCHAR2(6),
COUPON_SDATE DATE NOT NULL,
COUPON_EDATE DATE NOT NULL,
COUPON_DISCOUNT NUMBER NOT NULL,
CONSTRAINT FK_COPUON FOREIGN KEY(VILLA_ID) REFERENCES VILLA(VILLA_ID)
);
INSERT INTO COUPON VALUES(
'Coup1','Vil1',TO_DATE('01-09-2013','dd-MM-yyyy'),TO_DATE('31-01-2014','dd-MM-yyyy'),20);

INSERT INTO COUPON VALUES(
'Coup2','Vil2',TO_DATE('01-09-2013','dd-MM-yyyy'),TO_DATE('31-12-2013','dd-MM-yyyy'),15);

INSERT INTO COUPON VALUES(
'Coup3','Vil3',TO_DATE('01-09-2013','dd-MM-yyyy'),TO_DATE('31-12-2013','dd-MM-yyyy'),25);

INSERT INTO COUPON VALUES(
'Coup4','Vil4',TO_DATE('01-09-2013','dd-MM-yyyy'),TO_DATE('31-12-2013','dd-MM-yyyy'),10);

INSERT INTO COUPON VALUES(
'Coup5','Vil1',TO_DATE('01-09-2013','dd-MM-yyyy'),TO_DATE('31-08-2014','dd-MM-yyyy'),15);

CREATE TABLE RESERVATION(
RESERVATION_ID VARCHAR2(6) PRIMARY KEY,
USER_ID VARCHAR2(4),
VILLA_ID VARCHAR2(6),
RESERVATION_SDATE DATE NOT NULL,
RESERVATION_EDATE DATE NOT NULL,
COUPON_ID VARCHAR2(6),
RESERVATION_DEPOSIT NUMBER NOT NULL,
CONSTRAINT FK1_RESERVATION FOREIGN KEY(USER_ID) REFERENCES USER1(USER_ID),
CONSTRAINT FK2_RESERVATION FOREIGN KEY(VILLA_ID) REFERENCES VILLA(VILLA_ID),
CONSTRAINT FK3_RESERVATION FOREIGN KEY(COUPON_ID) REFERENCES COUPON(COUPON_ID)
);

INSERT INTO RESERVATION(RESERVATION_ID,USER_ID,VILLA_ID,RESERVATION_SDATE,RESERVATION_EDATE,RESERVATION_DEPOSIT) VALUES(
'Res1','U1','Vil1',TO_DATE('02-01-2013','dd-MM-yyyy'),TO_DATE('04-01-2013','dd-MM-yyyy'),50);

INSERT INTO RESERVATION(RESERVATION_ID,USER_ID,VILLA_ID,RESERVATION_SDATE,RESERVATION_EDATE,RESERVATION_DEPOSIT) VALUES(
'Res2','U7','Vil2',TO_DATE('05-01-2013','dd-MM-yyyy'),TO_DATE('06-01-2013','dd-MM-yyyy'),30);

INSERT INTO RESERVATION(RESERVATION_ID,USER_ID,VILLA_ID,RESERVATION_SDATE,RESERVATION_EDATE,RESERVATION_DEPOSIT) VALUES(
'Res3','U2','Vil3',TO_DATE('03-02-2013','dd-MM-yyyy'),TO_DATE('07-02-2013','dd-MM-yyyy'),60);

INSERT INTO RESERVATION(RESERVATION_ID,USER_ID,VILLA_ID,RESERVATION_SDATE,RESERVATION_EDATE,RESERVATION_DEPOSIT) VALUES(
'Res4','U4','Vil4',TO_DATE('04-02-2013','dd-MM-yyyy'),TO_DATE('05-02-2013','dd-MM-yyyy'),39);

INSERT INTO RESERVATION(RESERVATION_ID,USER_ID,VILLA_ID,RESERVATION_SDATE,RESERVATION_EDATE,RESERVATION_DEPOSIT) VALUES(
'Res5','U4','Vil5',TO_DATE('06-03-2013','dd-MM-yyyy'),TO_DATE('12-03-2013','dd-MM-yyyy'),40);

INSERT INTO RESERVATION(RESERVATION_ID,USER_ID,VILLA_ID,RESERVATION_SDATE,RESERVATION_EDATE,RESERVATION_DEPOSIT) VALUES(
'Res6','U4','Vil6',TO_DATE('23-04-2013','dd-MM-yyyy'),TO_DATE('25-04-2013','dd-MM-yyyy'),42);

INSERT INTO RESERVATION(RESERVATION_ID,USER_ID,VILLA_ID,RESERVATION_SDATE,RESERVATION_EDATE,RESERVATION_DEPOSIT) VALUES(
'Res7','U6','Vil7',TO_DATE('29-05-2013','dd-MM-yyyy'),TO_DATE('01-06-2013','dd-MM-yyyy'),60);

INSERT INTO RESERVATION(RESERVATION_ID,USER_ID,VILLA_ID,RESERVATION_SDATE,RESERVATION_EDATE,RESERVATION_DEPOSIT) VALUES(
'Res8','U10','Vil8',TO_DATE('30-07-2013','dd-MM-yyyy'),TO_DATE('02-08-2013','dd-MM-yyyy'),100);

INSERT INTO RESERVATION(RESERVATION_ID,USER_ID,VILLA_ID,RESERVATION_SDATE,RESERVATION_EDATE,RESERVATION_DEPOSIT) VALUES(
'Res9','U3','Vil9',TO_DATE('11-08-2013','dd-MM-yyyy'),TO_DATE('12-08-2013','dd-MM-yyyy'),24);

INSERT INTO RESERVATION(RESERVATION_ID,USER_ID,VILLA_ID,RESERVATION_SDATE,RESERVATION_EDATE,RESERVATION_DEPOSIT) VALUES(
'Res10','U2','Vil10',TO_DATE('19-08-2013','dd-MM-yyyy'),TO_DATE('21-08-2013','dd-MM-yyyy'),75);

INSERT INTO RESERVATION(RESERVATION_ID,USER_ID,VILLA_ID,RESERVATION_SDATE,RESERVATION_EDATE,RESERVATION_DEPOSIT) VALUES(
'Res11','U5','Vil11',TO_DATE('15-08-2013','dd-MM-yyyy'),TO_DATE('17-08-2013','dd-MM-yyyy'),51);

INSERT INTO RESERVATION(RESERVATION_ID,USER_ID,VILLA_ID,RESERVATION_SDATE,RESERVATION_EDATE,RESERVATION_DEPOSIT) VALUES(
'Res12','U6','Vil12',TO_DATE('27-08-2013','dd-MM-yyyy'),TO_DATE('28-08-2013','dd-MM-yyyy'),33);

INSERT INTO RESERVATION(RESERVATION_ID,USER_ID,VILLA_ID,RESERVATION_SDATE,RESERVATION_EDATE,RESERVATION_DEPOSIT) VALUES(
'Res13','U2','Vil1',TO_DATE('01-09-2013','dd-MM-yyyy'),TO_DATE('03-09-2013','dd-MM-yyyy'),40);

INSERT INTO RESERVATION(RESERVATION_ID,USER_ID,VILLA_ID,RESERVATION_SDATE,RESERVATION_EDATE,RESERVATION_DEPOSIT) VALUES(
'Res14','U5','Vil2',TO_DATE('02-09-2013','dd-MM-yyyy'),TO_DATE('03-09-2013','dd-MM-yyyy'),25);

INSERT INTO RESERVATION(RESERVATION_ID,USER_ID,VILLA_ID,RESERVATION_SDATE,RESERVATION_EDATE,RESERVATION_DEPOSIT) VALUES(
'Res17','U4','Vil5',TO_DATE('15-10-2013','dd-MM-yyyy'),TO_DATE('16-10-2013','dd-MM-yyyy'),24);

INSERT INTO RESERVATION(RESERVATION_ID,USER_ID,VILLA_ID,RESERVATION_SDATE,RESERVATION_EDATE,RESERVATION_DEPOSIT) VALUES(
'Res18','U5','Vil6',TO_DATE('02-11-2013','dd-MM-yyyy'),TO_DATE('04-11-2013','dd-MM-yyyy'),30);

INSERT INTO RESERVATION(RESERVATION_ID,USER_ID,VILLA_ID,RESERVATION_SDATE,RESERVATION_EDATE,RESERVATION_DEPOSIT) VALUES(
'Res19','U10','Vil7',TO_DATE('06-11-2013','dd-MM-yyyy'),TO_DATE('07-11-2013','dd-MM-yyyy'),50);

INSERT INTO RESERVATION(RESERVATION_ID,USER_ID,VILLA_ID,RESERVATION_SDATE,RESERVATION_EDATE,RESERVATION_DEPOSIT) VALUES(
'Res20','U9','Vil8',TO_DATE('06-11-2013','dd-MM-yyyy'),TO_DATE('10-11-2013','dd-MM-yyyy'),60);

INSERT INTO RESERVATION(RESERVATION_ID,USER_ID,VILLA_ID,RESERVATION_SDATE,RESERVATION_EDATE,RESERVATION_DEPOSIT) VALUES(
'Res21','U4','Vil9',TO_DATE('10-11-2013','dd-MM-yyyy'),TO_DATE('13-11-2013','dd-MM-yyyy'),15);

INSERT INTO RESERVATION(RESERVATION_ID,USER_ID,VILLA_ID,RESERVATION_SDATE,RESERVATION_EDATE,RESERVATION_DEPOSIT) VALUES(
'Res22','U4','Vil10',TO_DATE('11-11-2013','dd-MM-yyyy'),TO_DATE('13-11-2013','dd-MM-yyyy'),60);

INSERT INTO RESERVATION(RESERVATION_ID,USER_ID,VILLA_ID,RESERVATION_SDATE,RESERVATION_EDATE,RESERVATION_DEPOSIT) VALUES(
'Res23','U6','Vil11',TO_DATE('01-12-2013','dd-MM-yyyy'),TO_DATE('04-12-2013','dd-MM-yyyy'),40);

INSERT INTO RESERVATION(RESERVATION_ID,USER_ID,VILLA_ID,RESERVATION_SDATE,RESERVATION_EDATE,RESERVATION_DEPOSIT) VALUES(
'Res24','U5','Vil12',TO_DATE('23-12-2013','dd-MM-yyyy'),TO_DATE('26-12-2013','dd-MM-yyyy'),30);

INSERT INTO RESERVATION(RESERVATION_ID,USER_ID,VILLA_ID,RESERVATION_SDATE,RESERVATION_EDATE,RESERVATION_DEPOSIT) VALUES(
'Res27','U6','Vil2',TO_DATE('05-02-2014','dd-MM-yyyy'),TO_DATE('09-02-2014','dd-MM-yyyy'),40);

INSERT INTO RESERVATION(RESERVATION_ID,USER_ID,VILLA_ID,RESERVATION_SDATE,RESERVATION_EDATE,RESERVATION_DEPOSIT) VALUES(
'Res28','U5','Vil5',TO_DATE('09-02-2014','dd-MM-yyyy'),TO_DATE('15-02-2014','dd-MM-yyyy'),50);

INSERT INTO RESERVATION(RESERVATION_ID,USER_ID,VILLA_ID,RESERVATION_SDATE,RESERVATION_EDATE,RESERVATION_DEPOSIT) VALUES(
'Res29','U4','Vil8',TO_DATE('18-03-2014','dd-MM-yyyy'),TO_DATE('19-03-2014','dd-MM-yyyy'),120);

INSERT INTO RESERVATION(RESERVATION_ID,USER_ID,VILLA_ID,RESERVATION_SDATE,RESERVATION_EDATE,RESERVATION_DEPOSIT) VALUES(
'Res30','U2','Vil4',TO_DATE('27-04-2014','dd-MM-yyyy'),TO_DATE('30-04-2014','dd-MM-yyyy'),50);

INSERT INTO RESERVATION(RESERVATION_ID,USER_ID,VILLA_ID,RESERVATION_SDATE,RESERVATION_EDATE,RESERVATION_DEPOSIT) VALUES(
'Res31','U4','Vil10',TO_DATE('29-05-2014','dd-MM-yyyy'),TO_DATE('01-06-2014','dd-MM-yyyy'),96);

INSERT INTO RESERVATION(RESERVATION_ID,USER_ID,VILLA_ID,RESERVATION_SDATE,RESERVATION_EDATE,RESERVATION_DEPOSIT) VALUES(
'Res32','U9','Vil12',TO_DATE('28-07-2014','dd-MM-yyyy'),TO_DATE('02-08-2014','dd-MM-yyyy'),42);

INSERT INTO RESERVATION(RESERVATION_ID,USER_ID,VILLA_ID,RESERVATION_SDATE,RESERVATION_EDATE,RESERVATION_DEPOSIT) VALUES(
'Res33','U9','Vil7',TO_DATE('11-08-2014','dd-MM-yyyy'),TO_DATE('12-08-2014','dd-MM-yyyy'),75);

INSERT INTO RESERVATION(RESERVATION_ID,USER_ID,VILLA_ID,RESERVATION_SDATE,RESERVATION_EDATE,RESERVATION_DEPOSIT) VALUES(
'Res34','U7','Vil4',TO_DATE('15-08-2014','dd-MM-yyyy'),TO_DATE('21-08-2014','dd-MM-yyyy'),50);

INSERT INTO RESERVATION(RESERVATION_ID,USER_ID,VILLA_ID,RESERVATION_SDATE,RESERVATION_EDATE,RESERVATION_DEPOSIT) VALUES(
'Res35','U8','Vil8',TO_DATE('13-08-2014','dd-MM-yyyy'),TO_DATE('17-08-2014','dd-MM-yyyy'),120);

INSERT INTO RESERVATION(RESERVATION_ID,USER_ID,VILLA_ID,RESERVATION_SDATE,RESERVATION_EDATE,RESERVATION_DEPOSIT) VALUES(
'Res36','U3','Vil2',TO_DATE('27-08-2014','dd-MM-yyyy'),TO_DATE('28-08-2014','dd-MM-yyyy'),40);

INSERT INTO RESERVATION(RESERVATION_ID,USER_ID,VILLA_ID,RESERVATION_SDATE,RESERVATION_EDATE,RESERVATION_DEPOSIT) VALUES(
'Res37','U2','Vil11',TO_DATE('20-06-2014','dd-MM-yyyy'),TO_DATE('23-06-2014','dd-MM-yyyy'),70);

INSERT INTO RESERVATION(RESERVATION_ID,USER_ID,VILLA_ID,RESERVATION_SDATE,RESERVATION_EDATE,RESERVATION_DEPOSIT) VALUES(
'Res38','U1','Vil2',TO_DATE('28-08-2014','dd-MM-yyyy'),TO_DATE('30-08-2014','dd-MM-yyyy'),40);

INSERT INTO RESERVATION(RESERVATION_ID,USER_ID,VILLA_ID,RESERVATION_SDATE,RESERVATION_EDATE,RESERVATION_DEPOSIT) VALUES(
'Res39','U9','Vil1',TO_DATE('10-04-2014','dd-MM-yyyy'),TO_DATE('15-04-2014','dd-MM-yyyy'),60);

INSERT INTO RESERVATION(RESERVATION_ID,USER_ID,VILLA_ID,RESERVATION_SDATE,RESERVATION_EDATE,RESERVATION_DEPOSIT) VALUES(
'Res40','U9','Vil7',TO_DATE('05-02-2014','dd-MM-yyyy'),TO_DATE('09-02-2014','dd-MM-yyyy'),75);

INSERT INTO RESERVATION(RESERVATION_ID,USER_ID,VILLA_ID,RESERVATION_SDATE,RESERVATION_EDATE,RESERVATION_DEPOSIT) VALUES(
'Res41','U8','Vil7',TO_DATE('09-02-2014','dd-MM-yyyy'),TO_DATE('15-02-2014','dd-MM-yyyy'),75);

INSERT INTO RESERVATION(RESERVATION_ID,USER_ID,VILLA_ID,RESERVATION_SDATE,RESERVATION_EDATE,RESERVATION_DEPOSIT) VALUES(
'Res42','U5','Vil7',TO_DATE('18-03-2014','dd-MM-yyyy'),TO_DATE('19-03-2014','dd-MM-yyyy'),75);

INSERT INTO RESERVATION VALUES(
'Res15','U9','Vil3',TO_DATE('15-09-2013','dd-MM-yyyy'),TO_DATE('20-09-2013','dd-MM-yyyy'),'Coup3',36);

INSERT INTO RESERVATION VALUES(
'Res16','U5','Vil4',TO_DATE('01-10-2013','dd-MM-yyyy'),TO_DATE('03-10-2013','dd-MM-yyyy'),'Coup4',27);

INSERT INTO RESERVATION VALUES(
'Res25','U7','Vil1',TO_DATE('12-01-2014','dd-MM-yyyy'),TO_DATE('15-01-2014','dd-MM-yyyy'),'Coup1',48);

INSERT INTO RESERVATION VALUES(
'Res26','U9','Vil2',TO_DATE('06-01-2014','dd-MM-yyyy'),TO_DATE('07-01-2014','dd-MM-yyyy'),'Coup2',34);

INSERT INTO RESERVATION VALUES(
'Res43','U6','Vil1',TO_DATE('12-05-2014','dd-MM-yyyy'),TO_DATE('13-05-2014','dd-MM-yyyy'),'Coup5',51);

CREATE TABLE REVIEW(
REVIEW_ID VARCHAR2(6) PRIMARY KEY,
USER_ID VARCHAR2(4),
VILLA_ID VARCHAR2(6),
REVIEW_COMMENT VARCHAR2(150) NOT NULL,
REVIEW_RATING NUMBER NOT NULL,
CONSTRAINT FK1_REVIEW FOREIGN KEY(USER_ID) REFERENCES USER1(USER_ID),
CONSTRAINT FK2_REVIEW FOREIGN KEY(VILLA_ID) REFERENCES VILLA(VILLA_ID)
);

INSERT INTO REVIEW VALUES(
'Rev1','U1','Vil1','Poor maintainance considering the price',2);

INSERT INTO REVIEW VALUES(
'Rev2','U2','Vil3','Boring and Dull',1);

INSERT INTO REVIEW VALUES(
'Rev3','U4','Vil6','Love it!',4);

INSERT INTO REVIEW VALUES(
'Rev4','U2','Vil1','Best vila error',2);

INSERT INTO REVIEW VALUES(
'Rev5','U7','Vil1','Though not clean, has fantastic scenery around it',3);

INSERT INTO REVIEW VALUES(
'Rev6','U5','Vil2','not recommended',1);

INSERT INTO REVIEW VALUES(
'Rev7','U6','Vil1','Good one',4);

INSERT INTO REVIEW VALUES(
'Rev8','U4','Vil4','I gonna rent again and again',5);

INSERT INTO REVIEW VALUES(
'Rev9','U9','Vil3','Good work',5);

INSERT INTO REVIEW VALUES(
'Rev10','U3','Vil9','A must visit villa',5);

INSERT INTO REVIEW VALUES(
'Rev11','U10','Vil8','Nice',1);

INSERT INTO REVIEW VALUES(
'Rev13','U6','Vil7','poor one',1);

INSERT INTO REVIEW VALUES(
'Rev14','U1','Vil7','popular one',4);

INSERT INTO REVIEW VALUES(
'Rev15','U7','Vil3','wanna go back!',5);


CREATE TABLE LIKEREVIEW(
REVIEW_ID VARCHAR2(6),
USER_ID VARCHAR2(4),
CONSTRAINT PK_LIKEREVIEW PRIMARY KEY(REVIEW_ID,USER_ID),
CONSTRAINT FK1_LIKEREVIEW FOREIGN KEY(REVIEW_ID) REFERENCES REVIEW(REVIEW_ID),
CONSTRAINT FK2_LIKEREVIEW FOREIGN KEY(USER_ID) REFERENCES USER1(USER_ID));

INSERT INTO LIKEREVIEW VALUES(
'Rev1','U4');

INSERT INTO LIKEREVIEW VALUES(
'Rev1','U2');

INSERT INTO LIKEREVIEW VALUES(
'Rev1','U3');

INSERT INTO LIKEREVIEW VALUES(
'Rev2','U4');

INSERT INTO LIKEREVIEW VALUES(
'Rev2','U7');

INSERT INTO LIKEREVIEW VALUES(
'Rev3','U8');

INSERT INTO LIKEREVIEW VALUES(
'Rev4','U9');

INSERT INTO LIKEREVIEW VALUES(
'Rev5','U2');

INSERT INTO LIKEREVIEW VALUES(
'Rev5','U4');

INSERT INTO LIKEREVIEW VALUES(
'Rev14','U2');

INSERT INTO LIKEREVIEW VALUES(
'Rev14','U4');

INSERT INTO LIKEREVIEW VALUES(
'Rev14','U6');

INSERT INTO LIKEREVIEW VALUES(
'Rev15','U3');

INSERT INTO LIKEREVIEW VALUES(
'Rev15','U6');

INSERT INTO LIKEREVIEW VALUES(
'Rev15','U7');

CREATE TABLE RATE(
RATE_ID VARCHAR2(6) PRIMARY KEY,
VILLA_ID VARCHAR2(6),
RATE_SDATE DATE,
RATE_EDATE DATE,
RATE_RATE NUMBER NOT NULL,
CONSTRAINT FK_RATE FOREIGN KEY (VILLA_ID) REFERENCES VILLA(VILLA_ID)
);

INSERT INTO RATE VALUES
('Rat1','Vil1',TO_DATE('01-01-2013','dd-MM-yyyy'),TO_DATE('31-08-2013','dd-MM-yyyy'),150);

INSERT INTO RATE VALUES
('Rat2','Vil2',TO_DATE('01-01-2013','dd-MM-yyyy'),TO_DATE('31-08-2013','dd-MM-yyyy'),100);

INSERT INTO RATE VALUES
('Rat3','Vil3',TO_DATE('01-01-2013','dd-MM-yyyy'),TO_DATE('31-08-2013','dd-MM-yyyy'),200);

INSERT INTO RATE VALUES
('Rat4','Vil4',TO_DATE('01-01-2013','dd-MM-yyyy'),TO_DATE('31-08-2013','dd-MM-yyyy'),130);

INSERT INTO RATE VALUES
('Rat5','Vil5',TO_DATE('01-01-2013','dd-MM-yyyy'),TO_DATE('31-08-2013','dd-MM-yyyy'),120);

INSERT INTO RATE VALUES
('Rat6','Vil6',TO_DATE('01-01-2013','dd-MM-yyyy'),TO_DATE('31-08-2013','dd-MM-yyyy'),140);

INSERT INTO RATE VALUES
('Rat7','Vil7',TO_DATE('01-01-2013','dd-MM-yyyy'),TO_DATE('31-08-2013','dd-MM-yyyy'),180);

INSERT INTO RATE VALUES
('Rat8','Vil8',TO_DATE('01-01-2013','dd-MM-yyyy'),TO_DATE('31-08-2013','dd-MM-yyyy'),300);

INSERT INTO RATE VALUES
('Rat9','Vil9',TO_DATE('01-01-2013','dd-MM-yyyy'),TO_DATE('31-08-2013','dd-MM-yyyy'),80);

INSERT INTO RATE VALUES
('Rat10','Vil10',TO_DATE('01-01-2013','dd-MM-yyyy'),TO_DATE('31-08-2013','dd-MM-yyyy'),250);

INSERT INTO RATE VALUES
('Rat11','Vil11',TO_DATE('01-01-2013','dd-MM-yyyy'),TO_DATE('31-08-2013','dd-MM-yyyy'),170);

INSERT INTO RATE VALUES
('Rat12','Vil12',TO_DATE('01-01-2013','dd-MM-yyyy'),TO_DATE('31-08-2013','dd-MM-yyyy'),110);

INSERT INTO RATE VALUES
('Rat13','Vil1',TO_DATE('01-09-2013','dd-MM-yyyy'),TO_DATE('31-12-2013','dd-MM-yyyy'),120);

INSERT INTO RATE VALUES
('Rat14','Vil2',TO_DATE('01-09-2013','dd-MM-yyyy'),TO_DATE('31-12-2013','dd-MM-yyyy'),75);

INSERT INTO RATE VALUES
('Rat15','Vil3',TO_DATE('01-09-2013','dd-MM-yyyy'),TO_DATE('31-12-2013','dd-MM-yyyy'),160);

INSERT INTO RATE VALUES
('Rat16','Vil4',TO_DATE('01-09-2013','dd-MM-yyyy'),TO_DATE('31-12-2013','dd-MM-yyyy'),90);

INSERT INTO RATE VALUES
('Rat17','Vil5',TO_DATE('01-09-2013','dd-MM-yyyy'),TO_DATE('31-12-2013','dd-MM-yyyy'),80);

INSERT INTO RATE VALUES
('Rat18','Vil6',TO_DATE('01-09-2013','dd-MM-yyyy'),TO_DATE('31-12-2013','dd-MM-yyyy'),100);

INSERT INTO RATE VALUES
('Rat19','Vil7',TO_DATE('01-09-2013','dd-MM-yyyy'),TO_DATE('31-12-2013','dd-MM-yyyy'),150);

INSERT INTO RATE VALUES
('Rat20','Vil8',TO_DATE('01-09-2013','dd-MM-yyyy'),TO_DATE('31-12-2013','dd-MM-yyyy'),200);

INSERT INTO RATE VALUES
('Rat21','Vil9',TO_DATE('01-09-2013','dd-MM-yyyy'),TO_DATE('31-12-2013','dd-MM-yyyy'),50);

INSERT INTO RATE VALUES
('Rat22','Vil10',TO_DATE('01-09-2013','dd-MM-yyyy'),TO_DATE('31-12-2013','dd-MM-yyyy'),200);

INSERT INTO RATE VALUES
('Rat23','Vil11',TO_DATE('01-09-2013','dd-MM-yyyy'),TO_DATE('31-12-2013','dd-MM-yyyy'),120);

INSERT INTO RATE VALUES
('Rat24','Vil12',TO_DATE('01-09-2013','dd-MM-yyyy'),TO_DATE('31-12-2013','dd-MM-yyyy'),90);

INSERT INTO RATE VALUES
('Rat25','Vil1',TO_DATE('01-01-2014','dd-MM-yyyy'),TO_DATE('31-08-2014','dd-MM-yyyy'),180);

INSERT INTO RATE VALUES
('Rat26','Vil2',TO_DATE('01-01-2014','dd-MM-yyyy'),TO_DATE('31-08-2014','dd-MM-yyyy'),120);

INSERT INTO RATE VALUES
('Rat27','Vil3',TO_DATE('01-01-2014','dd-MM-yyyy'),TO_DATE('31-08-2014','dd-MM-yyyy'),240);

INSERT INTO RATE VALUES
('Rat28','Vil4',TO_DATE('01-01-2014','dd-MM-yyyy'),TO_DATE('31-08-2014','dd-MM-yyyy'),150);

INSERT INTO RATE VALUES
('Rat29','Vil5',TO_DATE('01-01-2014','dd-MM-yyyy'),TO_DATE('31-08-2014','dd-MM-yyyy'),150);

INSERT INTO RATE VALUES
('Rat30','Vil6',TO_DATE('01-01-2014','dd-MM-yyyy'),TO_DATE('31-08-2014','dd-MM-yyyy'),180);

INSERT INTO RATE VALUES
('Rat31','Vil7',TO_DATE('01-01-2014','dd-MM-yyyy'),TO_DATE('31-08-2014','dd-MM-yyyy'),250);

INSERT INTO RATE VALUES
('Rat32','Vil8',TO_DATE('01-01-2014','dd-MM-yyyy'),TO_DATE('31-08-2014','dd-MM-yyyy'),400);

INSERT INTO RATE VALUES
('Rat33','Vil9',TO_DATE('01-01-2014','dd-MM-yyyy'),TO_DATE('31-08-2014','dd-MM-yyyy'),110);

INSERT INTO RATE VALUES
('Rat34','Vil10',TO_DATE('01-01-2014','dd-MM-yyyy'),TO_DATE('31-08-2014','dd-MM-yyyy'),320);

INSERT INTO RATE VALUES
('Rat35','Vil11',TO_DATE('01-01-2014','dd-MM-yyyy'),TO_DATE('31-08-2014','dd-MM-yyyy'),210);

INSERT INTO RATE VALUES
('Rat36','Vil12',TO_DATE('01-01-2014','dd-MM-yyyy'),TO_DATE('31-08-2014','dd-MM-yyyy'),140);